seed,64,256,1024,4096,16384,65536
0,0.041874999999999996,0.018437499999999996,0.023320312499999996,0.014033203125000004,0.0006054687500000044,0.0011492919921874956
1,0.0675,0.032343750000000004,0.008671874999999996,0.0072070312499999956,0.0041552734374999956,0.0026959228515625044
2,0.0050000000000000044,0.010624999999999996,0.022343749999999996,0.017695312500000004,0.00018798828124999556,0.0011395263671875044
3,0.0050000000000000044,0.012812500000000004,0.014531249999999996,0.0032910156250000044,0.0042773437499999956,0.0034436035156250044
4,0.0675,0.057499999999999996,0.024531250000000004,0.0040234375000000044,0.0033618164062499956,0.00042236328125000444
5,0.020625000000000004,0.018437499999999996,0.023554687500000004,0.012822265624999996,0.0071362304687500044,0.0012005615234375044
6,0.051875000000000004,0.0028124999999999956,0.0067187499999999956,0.0018359374999999956,0.0037890624999999956,0.0021563720703124956
7,0.026249999999999996,0.012812500000000004,0.012578124999999996,0.0035449218749999956,0.0008593749999999956,2.563476562500444e-05
8,0.073125,0.032343750000000004,0.019648437500000004,0.008671874999999996,0.0028027343750000044,4.882812499995559e-06
9,0.0675,0.047968750000000004,0.0076953124999999956,0.0076855468750000044,0.00048339843750000444,0.0033007812499999956
10,0.0050000000000000044,0.0050000000000000044,0.0047656249999999956,0.0076953124999999956,0.0022534179687500044,0.0018206787109374956
11,0.135625,0.028437500000000004,0.0040234375000000044,0.008671874999999996,0.0004931640624999956,0.0011242675781250044
12,0.0050000000000000044,0.0010937500000000044,0.0040234375000000044,0.010380859374999996,0.0064746093749999956,0.0024365234375000044
13,0.073125,0.028437500000000004,0.022578125000000004,0.0020800781249999956,0.0020190429687499956,0.0010577392578124956
14,0.0050000000000000044,0.008906250000000004,0.0037890624999999956,0.017216796874999996,0.0060473632812499956,0.00026428222656249556
15,0.036250000000000004,0.0010937500000000044,0.014765625000000004,0.0023242187499999956,0.0034130859375000044,0.0027209472656249956
16,0.104375,0.059687500000000004,0.008906250000000004,0.0013476562499999956,0.0067187499999999956,7.141113281250444e-05
17,0.026249999999999996,0.016718750000000004,0.0069531250000000044,0.0006152343749999956,0.0012866210937499956,0.0008746337890624956
18,0.010624999999999996,0.08703125,0.039179687500000004,0.0013378906250000044,0.0043383789062499956,0.0040332031249999956
19,0.12,0.036250000000000004,0.0067187499999999956,0.0011035156249999956,0.0018261718750000044,0.0007220458984374956
20,0.041874999999999996,0.041874999999999996,0.018437499999999996,0.0076953124999999956,0.00012695312499999556,0.0005541992187499956
21,0.073125,0.012812500000000004,0.0050000000000000044,0.011357421874999996,0.0007885742187500044,0.0010119628906249956
22,0.010624999999999996,0.010624999999999996,0.0018359374999999956,0.0074511718749999956,0.0065869140625000044,0.0006359863281250044
23,0.026249999999999996,0.0010937500000000044,0.008906250000000004,0.011113281249999996,0.0012768554687500044,0.00015747070312499556
24,0.010624999999999996,0.032343750000000004,0.0028124999999999956,0.0064746093749999956,0.0037890624999999956,0.00034057617187499556
25,0.036250000000000004,0.0050000000000000044,0.015507812499999996,0.015019531249999996,0.0072070312499999956,0.00047790527343749556
26,0.026249999999999996,0.034062499999999996,0.0028124999999999956,0.0045117187500000044,0.0044604492187499956,0.0006970214843750044
27,0.041874999999999996,0.0028124999999999956,0.009648437499999996,0.0018261718750000044,4.882812499995559e-06,0.0010021972656250044
28,0.020625000000000004,0.0028124999999999956,0.0008593749999999956,0.0030468750000000044,0.0012768554687500044,0.00043762207031250444
29,0.051875000000000004,0.010624999999999996,0.008671874999999996,0.012822265624999996,0.0037792968750000044,0.0011950683593749956
30,0.083125,0.018437499999999996,0.025273437499999996,0.019648437500000004,0.0049389648437500044,0.0013378906250000044
31,0.010624999999999996,0.0050000000000000044,0.0047656249999999956,0.0059765625000000044,0.0051831054687500044,0.0008801269531250044
32,0.057499999999999996,0.022343749999999996,0.0037890624999999956,0.008662109375000004,0.0066577148437499956,8.666992187500444e-05
33,0.051875000000000004,0.034062499999999996,0.0008593749999999956,0.0069531250000000044,0.00043212890624999556,0.0053051757812500044
34,0.0675,0.020625000000000004,0.012578124999999996,0.016474609375000004,0.0059765625000000044,0.00032531738281249556
35,0.020625000000000004,0.0010937500000000044,0.009882812500000004,0.009648437499999996,0.0005444335937500044,0.0005389404296874956
36,0.0675,0.034062499999999996,0.0076953124999999956,0.009150390625000004,0.0018969726562499956,0.00045288085937500444
37,0.083125,0.030156249999999996,0.018437499999999996,0.0042773437499999956,0.0060986328125000044,0.00015747070312499556
38,0.026249999999999996,0.053593749999999996,0.011835937500000004,0.0025585937500000044,0.0012866210937499956,0.0006359863281250044
39,0.09875,0.06359375,0.0020703125000000044,0.0050097656249999956,0.0042065429687500044,0.00035583496093749556
40,0.020625000000000004,0.012812500000000004,0.0040234375000000044,0.010869140624999996,0.0063525390624999956,0.0026196289062500044
41,0.026249999999999996,0.049687499999999996,0.0028124999999999956,0.0006054687500000044,0.0031079101562500044,0.0013629150390624956
42,0.0050000000000000044,0.044062500000000004,0.008671874999999996,0.0072070312499999956,0.0019580078124999956,0.0007733154296875044
43,0.041874999999999996,0.051875000000000004,0.0018359374999999956,0.00011718750000000444,4.882812499995559e-06,0.0022021484374999956
44,0.0050000000000000044,0.030156249999999996,0.0047656249999999956,0.0052441406250000044,0.008356933593750004,0.0018872070312500044
45,0.0675,0.008906250000000004,0.012578124999999996,0.0025585937500000044,0.010065917968750004,0.0018664550781249956
46,0.036250000000000004,0.010624999999999996,0.020625000000000004,0.008671874999999996,0.011530761718750004,0.0032910156250000044
47,0.020625000000000004,0.012812500000000004,0.0008593749999999956,0.0032910156250000044,0.0039013671875000044,0.0010632324218750044
48,0.010624999999999996,0.0010937500000000044,0.0020703125000000044,0.0035449218749999956,0.0012866210937499956,0.0038250732421875044
49,0.0050000000000000044,0.030156249999999996,0.0069531250000000044,0.0033007812499999956,0.0010327148437500044,0.00042236328125000444
50,0.041874999999999996,0.0050000000000000044,0.00011718750000000444,0.009882812500000004,0.0025683593749999956,0.0040026855468749956
51,0.010624999999999996,0.008906250000000004,0.0020703125000000044,0.011835937500000004,0.0015209960937500044,0.0011492919921874956
52,0.114375,0.012812500000000004,0.0010937500000000044,0.0057324218750000044,0.0023852539062499956,0.0012866210937499956
53,0.041874999999999996,0.014531249999999996,0.015507812499999996,0.0010937500000000044,0.0017749023437499956,0.0005749511718750044
54,0.020625000000000004,0.008906250000000004,0.008671874999999996,0.009648437499999996,0.0013476562499999956,0.0016070556640624956
55,0.020625000000000004,0.008906250000000004,0.011601562499999996,0.0008593749999999956,0.0042773437499999956,0.0006970214843750044
56,0.041874999999999996,0.061406249999999996,0.0010937500000000044,0.00037109374999999556,0.0010424804687499956,0.00030029296875000444
57,0.010624999999999996,0.034062499999999996,0.017695312500000004,0.00037109374999999556,0.0048168945312500044,0.0009356689453124956
58,0.036250000000000004,0.020625000000000004,0.014765625000000004,0.008173828125000004,0.0031787109374999956,0.00040710449218750444
59,0.0675,0.010624999999999996,0.015507812499999996,0.009404296874999996,0.0032397460937499956,0.0023144531250000044
60,0.0050000000000000044,0.036250000000000004,0.018437499999999996,0.0054980468749999956,0.0015209960937500044,0.00043212890624999556
61,0.026249999999999996,0.008906250000000004,0.0059765625000000044,0.0013378906250000044,0.0036059570312499956,7.141113281250444e-05
62,0.0050000000000000044,0.0067187499999999956,0.008671874999999996,0.012568359375000004,0.0024975585937500044,0.0013073730468750044
63,0.073125,0.022343749999999996,0.025273437499999996,0.0028124999999999956,0.0054370117187499956,0.0014849853515624956
64,0.051875000000000004,0.034062499999999996,0.0020703125000000044,0.0074414062500000044,0.0051831054687500044,0.0041552734374999956
65,0.051875000000000004,0.059687500000000004,0.0008593749999999956,0.00037109374999999556,0.0056201171874999956,0.0011090087890625044
66,0.026249999999999996,0.022343749999999996,0.011835937500000004,0.0008593749999999956,0.0047558593750000044,0.0009869384765625044
67,0.057499999999999996,0.024531250000000004,0.008906250000000004,0.008662109375000004,0.0065966796874999956,0.0009716796875000044
68,0.0050000000000000044,0.026249999999999996,0.022578125000000004,0.0025683593749999956,0.0017138671874999956,0.00017822265625000444
69,0.051875000000000004,0.026249999999999996,0.0047656249999999956,0.0013476562499999956,0.008488769531249996,0.00033081054687500444
70,0.041874999999999996,0.022343749999999996,0.0018359374999999956,0.0032910156250000044,0.0026293945312499956,0.0022076416015625044
71,0.036250000000000004,0.012812500000000004,0.016718750000000004,0.0059863281249999956,0.0035351562500000044,0.00046264648437499556
72,0.026249999999999996,0.0067187499999999956,0.0030468750000000044,0.009648437499999996,0.0015307617187499956,0.0018664550781249956
73,0.083125,0.008906250000000004,0.008906250000000004,0.0042675781250000044,0.0014697265624999956,0.00019348144531250444
74,0.0050000000000000044,0.051875000000000004,0.017460937499999996,0.0023144531250000044,0.0044506835937500044,0.0034893798828125044
75,0.057499999999999996,0.030156249999999996,0.007929687500000004,0.0045214843749999956,0.0025683593749999956,0.0008898925781249956
76,0.020625000000000004,0.053593749999999996,0.035273437500000004,0.0015917968749999956,0.0070751953125000044,0.0015667724609375044
77,0.083125,0.061406249999999996,0.028437500000000004,0.0050000000000000044,0.0031689453125000044,0.0005596923828125044
78,0.026249999999999996,0.044062500000000004,0.024296874999999996,0.0071972656250000044,0.0012158203125000044,0.0007067871093749956
79,0.083125,0.020625000000000004,0.0047656249999999956,0.0054882812500000044,0.00043212890624999556,0.00032531738281249556
80,0.0050000000000000044,0.034062499999999996,0.0020703125000000044,0.013798828124999996,0.0013378906250000044,0.0018566894531250044
81,0.051875000000000004,0.016718750000000004,0.00011718750000000444,0.0052539062499999956,0.0015917968749999956,0.0008593749999999956
82,0.073125,0.032343750000000004,0.014765625000000004,0.0059765625000000044,0.0024365234375000044,0.0029248046875000044
83,0.036250000000000004,0.022343749999999996,0.022343749999999996,0.0071972656250000044,0.0037182617187500044,2.014160156249556e-05
84,0.057499999999999996,0.010624999999999996,0.0050000000000000044,0.010624999999999996,0.0075634765625000044,0.0006610107421874956
85,0.114375,0.0067187499999999956,0.011835937500000004,0.0069531250000000044,0.0057421874999999956,0.0007275390625000044
86,0.0050000000000000044,0.041874999999999996,0.010859375000000004,0.008417968750000004,0.0007275390625000044,0.0030871582031249956
87,0.0050000000000000044,0.018437499999999996,0.024531250000000004,0.0045214843749999956,0.0042065429687500044,0.00032531738281249556
88,0.041874999999999996,0.010624999999999996,0.018437499999999996,0.0069531250000000044,0.0020190429687499956,0.0020550537109375044
89,0.057499999999999996,0.0050000000000000044,0.013554687499999996,0.0069531250000000044,0.0032910156250000044,0.0011035156249999956
90,0.010624999999999996,0.014531249999999996,0.026249999999999996,0.0035351562500000044,0.0043994140624999956,0.0017803955078125044
91,0.020625000000000004,0.028437500000000004,0.015507812499999996,0.010126953125000004,0.0016528320312499956,0.0014392089843749956
92,0.041874999999999996,0.0010937500000000044,0.029414062500000004,0.0010937500000000044,0.0051318359374999956,0.0013836669921875044
93,0.020625000000000004,0.0050000000000000044,0.032343750000000004,0.0015820312500000044,0.0054980468749999956,0.0006970214843750044
94,0.026249999999999996,0.0067187499999999956,0.0076953124999999956,0.0015917968749999956,0.0056713867187500044,0.0027667236328124956
95,0.057499999999999996,0.047968750000000004,0.0010937500000000044,0.0062304687499999956,0.0023242187499999956,0.0011090087890625044
96,0.057499999999999996,0.0067187499999999956,0.012812500000000004,0.0025585937500000044,0.0074511718749999956,0.00019348144531250444
97,0.051875000000000004,0.0050000000000000044,0.012578124999999996,0.0057324218750000044,0.0039721679687499956,0.0013684082031250044
98,0.020625000000000004,0.010624999999999996,0.0069531250000000044,0.012080078125000004,0.0021923828125000044,0.0015209960937500044
99,0.051875000000000004,0.0067187499999999956,0.009648437499999996,0.0028124999999999956,0.0043994140624999956,4.089355468750444e-05
100,0.026249999999999996,0.0050000000000000044,0.00011718750000000444,0.0045117187500000044,0.0035351562500000044,0.00046813964843750444
101,0.0050000000000000044,0.037968749999999996,0.028437500000000004,0.0067187499999999956,0.00037109374999999556,0.0012463378906250044
102,0.08875,0.018437499999999996,0.009648437499999996,0.0054882812500000044,0.0005541992187499956,0.0007830810546874956
103,0.08875,0.0010937500000000044,0.027226562499999996,0.0015917968749999956,0.0030566406249999956,0.0017803955078125044
104,0.114375,0.0010937500000000044,0.0050000000000000044,0.013789062500000004,0.0017041015625000044,0.0011950683593749956
105,0.020625000000000004,0.057499999999999996,0.038945312499999996,0.0072070312499999956,5.615234375000444e-05,0.0009259033203125044
106,0.073125,0.061406249999999996,0.016484374999999996,0.0057421874999999956,0.0029248046875000044,0.0009051513671874956
107,0.026249999999999996,0.036250000000000004,0.0067187499999999956,0.009882812500000004,0.0006762695312499956,0.0013171386718749956
108,0.083125,0.014531249999999996,0.009882812500000004,0.015253906250000004,0.0025073242187499956,0.0005541992187499956
109,0.0050000000000000044,0.032343750000000004,0.0030468750000000044,0.0050097656249999956,0.0067187499999999956,0.0031024169921874956
110,0.020625000000000004,0.012812500000000004,0.0059765625000000044,0.008183593749999996,0.011042480468750004,0.0014752197265625044
111,0.010624999999999996,0.045781249999999996,0.010624999999999996,0.0032910156250000044,0.0067700195312500044,0.0005084228515624956
112,0.083125,0.016718750000000004,0.0020703125000000044,0.010615234375000004,0.0039721679687499956,0.00048339843750000444
113,0.057499999999999996,0.022343749999999996,0.011835937500000004,0.0050097656249999956,6.591796874999556e-05,0.0017956542968750044
114,0.010624999999999996,0.008906250000000004,0.012812500000000004,0.021845703125000004,0.0053149414062499956,0.0032397460937499956
115,0.051875000000000004,0.018437499999999996,0.013789062500000004,0.0010937500000000044,4.882812499995559e-06,0.0026904296874999956
116,0.083125,0.032343750000000004,0.0018359374999999956,0.0028027343750000044,0.0053759765624999956,0.0011798095703124956
117,0.0675,0.0067187499999999956,0.0040234375000000044,0.008173828125000004,0.0034228515624999956,0.0012768554687500044
118,0.026249999999999996,0.0010937500000000044,0.0008593749999999956,0.0015820312500000044,0.0023852539062499956,0.0031634521484374956
119,0.114375,0.012812500000000004,0.0050000000000000044,0.015019531249999996,0.0006054687500000044,0.0032299804687500044
120,0.026249999999999996,0.07703125,0.0057421874999999956,0.016718750000000004,0.0019580078124999956,0.0009869384765625044
121,0.026249999999999996,0.020625000000000004,0.027226562499999996,0.019160156250000004,0.00042236328125000444,0.0026446533203124956
122,0.057499999999999996,0.012812500000000004,0.0059765625000000044,0.0064648437500000044,0.0011035156249999956,0.0022991943359375044
123,0.073125,0.041874999999999996,0.011835937500000004,0.0006054687500000044,0.0058032226562499956,8.666992187500444e-05
124,0.09875,0.0028124999999999956,0.0037890624999999956,0.0035351562500000044,0.0036572265625000044,0.0022631835937499956
125,0.073125,0.0653125,0.0050000000000000044,0.0008593749999999956,0.0006152343749999956,0.0009106445312500044
126,0.010624999999999996,0.028437500000000004,0.013554687499999996,0.0071972656250000044,0.0026904296874999956,0.0018969726562499956
127,0.020625000000000004,0.026249999999999996,0.019414062499999996,0.007929687500000004,0.0031787109374999956,0.0017498779296875044
128,0.036250000000000004,0.012812500000000004,0.0067187499999999956,0.0008593749999999956,0.012385253906250004,0.0015972900390625044
129,0.0050000000000000044,0.0050000000000000044,0.010859375000000004,0.0037792968750000044,0.0060986328125000044,0.0032757568359375044
130,0.026249999999999996,0.044062500000000004,0.0067187499999999956,0.0028124999999999956,0.00030029296875000444,0.0013378906250000044
131,0.026249999999999996,0.059687500000000004,0.009882812500000004,0.0059863281249999956,0.0044506835937500044,0.00044738769531249556
132,0.08875,0.059687500000000004,0.0047656249999999956,0.010126953125000004,0.0077563476562499956,0.0011645507812499956
133,0.051875000000000004,0.037968749999999996,0.015742187500000004,0.0006054687500000044,0.0005444335937500044,0.0018719482421875044
134,0.08875,0.0067187499999999956,0.0069531250000000044,0.0047656249999999956,0.0043286132812500044,0.0013629150390624956
135,0.16125,0.008906250000000004,0.0037890624999999956,0.0020800781249999956,0.0043383789062499956,0.0007525634765624956
136,0.08875,0.018437499999999996,0.0067187499999999956,0.007929687500000004,0.0029956054687499956,0.0009564208984375044
137,0.010624999999999996,0.0050000000000000044,0.022343749999999996,0.012568359375000004,0.00043212890624999556,0.0010119628906249956
138,0.0675,0.0067187499999999956,0.008671874999999996,0.0011035156249999956,0.0051220703125000044,0.0013171386718749956
139,0.010624999999999996,0.026249999999999996,0.0076953124999999956,0.0042675781250000044,0.0039624023437500044,0.0007830810546874956
140,0.1825,0.040156250000000004,0.0010937500000000044,0.0037792968750000044,0.0022631835937499956,0.0007733154296875044
141,0.08875,0.028437500000000004,0.009648437499999996,0.0069628906249999956,0.0056811523437499956,0.0029858398437500044
142,0.041874999999999996,0.0028124999999999956,0.016718750000000004,0.0023242187499999956,0.0006152343749999956,0.00028503417968750444
143,0.104375,0.010624999999999996,0.0018359374999999956,0.0015820312500000044,0.0015209960937500044,0.0040484619140624956
144,0.0675,0.030156249999999996,0.0018359374999999956,0.012089843749999996,0.0015917968749999956,0.0022174072265624956
145,0.0050000000000000044,0.045781249999999996,0.009648437499999996,0.0023144531250000044,0.0036669921874999956,4.089355468750444e-05
146,0.104375,0.030156249999999996,0.0018359374999999956,0.0054882812500000044,0.0028637695312500044,0.0020800781249999956
147,0.020625000000000004,0.028437500000000004,0.0050000000000000044,0.0028027343750000044,0.0054882812500000044,0.0016375732421874956
148,0.0050000000000000044,0.014531249999999996,0.0076953124999999956,0.008417968750000004,0.0068310546875000044,0.0020343017578124956
149,0.073125,0.016718750000000004,0.022343749999999996,0.0037792968750000044,0.0017651367187500044,0.0012921142578125044
150,0.010624999999999996,0.020625000000000004,0.025273437499999996,0.014033203125000004,0.0050097656249999956,0.0011798095703124956
151,0.026249999999999996,0.016718750000000004,0.0028124999999999956,0.0052441406250000044,0.0010327148437500044,0.0007580566406250044
152,0.036250000000000004,0.030156249999999996,0.016484374999999996,0.0064746093749999956,0.0046337890625000044,0.0028735351562499956
153,0.057499999999999996,0.026249999999999996,0.028437500000000004,0.011103515625000004,0.0050097656249999956,0.00010192871093750444
154,0.041874999999999996,0.020625000000000004,0.015507812499999996,0.009882812500000004,0.0032910156250000044,0.0014392089843749956
155,0.073125,0.020625000000000004,0.0018359374999999956,0.0008496093750000044,0.0061596679687500044,1.0375976562504441e-05
156,0.09875,0.0050000000000000044,0.0076953124999999956,0.0015917968749999956,0.0049389648437500044,0.00026977539062500444
157,0.051875000000000004,0.034062499999999996,0.017695312500000004,0.0047558593750000044,0.0059252929687499956,0.0013836669921875044
158,0.073125,0.055781250000000004,0.0028124999999999956,0.0054980468749999956,0.0054882812500000044,9.643554687499556e-05
159,0.010624999999999996,0.032343750000000004,0.0010937500000000044,0.0069531250000000044,0.0017041015625000044,0.0005139160156250044
160,0.051875000000000004,0.059687500000000004,0.0076953124999999956,0.0028124999999999956,0.0007373046874999956,0.00046813964843750444
161,0.057499999999999996,0.012812500000000004,0.0018359374999999956,0.0071972656250000044,0.0024365234375000044,0.0009661865234374956
162,0.0675,0.053593749999999996,0.008906250000000004,0.0011035156249999956,0.0006762695312499956,0.00031555175781250444
163,0.041874999999999996,0.0067187499999999956,0.0040234375000000044,0.011835937500000004,0.0026293945312499956,0.00013244628906250444
164,0.020625000000000004,0.030156249999999996,0.0010937500000000044,0.0045117187500000044,0.00024902343749999556,0.0010479736328125044
165,0.020625000000000004,0.037968749999999996,0.019414062499999996,0.008417968750000004,0.0031176757812499956,0.0006152343749999956
166,0.0050000000000000044,0.010624999999999996,0.008906250000000004,0.0062207031250000044,0.0018261718750000044,0.00046813964843750444
167,0.036250000000000004,0.014531249999999996,0.0018359374999999956,0.010869140624999996,0.0046435546874999956,0.0035198974609375044
168,0.041874999999999996,0.0010937500000000044,0.008671874999999996,0.0011035156249999956,0.0022534179687500044,0.0047711181640625044
169,0.041874999999999996,0.0010937500000000044,0.013554687499999996,0.0025585937500000044,0.0009716796875000044,0.0011187744140624956
170,0.036250000000000004,0.041874999999999996,0.0028124999999999956,0.0062207031250000044,0.00012695312499999556,0.0009204101562499956
171,0.020625000000000004,0.008906250000000004,0.031132812499999996,0.016718750000000004,0.0013476562499999956,0.0043841552734374956
172,0.104375,0.012812500000000004,0.0037890624999999956,0.0010937500000000044,0.0011645507812499956,0.0010174560546875044
173,0.036250000000000004,0.053593749999999996,0.010624999999999996,0.0076953124999999956,0.00011718750000000444,0.00037658691406250444
174,0.036250000000000004,0.0010937500000000044,0.0057421874999999956,0.014775390624999996,0.0039624023437500044,0.0015972900390625044
175,0.051875000000000004,0.028437500000000004,0.0030468750000000044,0.0067187499999999956,5.615234375000444e-05,0.0028277587890624956
176,0.036250000000000004,0.041874999999999996,0.0028124999999999956,0.0057421874999999956,0.0005541992187499956,0.0006665039062500044
177,0.12,0.018437499999999996,0.012812500000000004,0.0040332031249999956,0.0021313476562500044,0.0019732666015624956
178,0.08875,0.014531249999999996,0.028437500000000004,0.009882812500000004,6.591796874999556e-05,3.540039062499556e-05
179,0.036250000000000004,0.0010937500000000044,0.0018359374999999956,0.0040234375000000044,0.0028124999999999956,0.0033978271484375044
180,0.0050000000000000044,0.020625000000000004,0.015507812499999996,0.0040332031249999956,0.0024462890624999956,0.0011035156249999956
181,0.08875,0.041874999999999996,0.023554687500000004,0.007939453124999996,0.0022021484374999956,0.0019024658203125044
182,0.051875000000000004,0.024531250000000004,0.014531249999999996,0.0033007812499999956,0.0026904296874999956,0.00034606933593750444
183,0.08875,0.0010937500000000044,0.034296875000000004,0.0067187499999999956,0.0045214843749999956,0.0027667236328124956
184,0.026249999999999996,0.030156249999999996,0.0040234375000000044,0.0071972656250000044,0.0019482421875000044,0.00020324707031249556
185,0.026249999999999996,0.008906250000000004,0.008906250000000004,0.0047656249999999956,0.0019580078124999956,0.0007427978515625044
186,0.020625000000000004,0.073125,0.0008593749999999956,0.0071972656250000044,0.0011547851562500044,0.0007275390625000044
187,0.0050000000000000044,0.051875000000000004,0.024296874999999996,0.0013476562499999956,0.0024365234375000044,0.0010632324218750044
188,0.083125,0.024531250000000004,0.029414062500000004,0.0047656249999999956,0.0026196289062500044,0.0017651367187500044
189,0.041874999999999996,0.018437499999999996,0.0057421874999999956,0.0011035156249999956,0.0015917968749999956,0.0014447021484375044
190,0.020625000000000004,0.083125,0.0037890624999999956,0.021123046874999996,0.0023754882812500044,0.0007373046874999956
191,0.09875,0.012812500000000004,0.009648437499999996,0.0010937500000000044,0.0040332031249999956,0.0006817626953125044
192,0.051875000000000004,0.024531250000000004,0.011601562499999996,0.011601562499999996,0.0016430664062500044,0.0018511962890624956
193,0.051875000000000004,0.0010937500000000044,0.025507812500000004,0.012568359375000004,0.0061596679687500044,0.0006915283203124956
194,0.041874999999999996,0.041874999999999996,0.019414062499999996,0.0030566406249999956,0.0012768554687500044,0.0029803466796874956
195,0.026249999999999996,0.022343749999999996,0.0030468750000000044,0.0071972656250000044,0.0020703125000000044,0.0009814453124999956
196,0.026249999999999996,0.036250000000000004,0.022578125000000004,0.0045214843749999956,0.0028027343750000044,0.0040997314453125044
197,0.051875000000000004,0.020625000000000004,0.0030468750000000044,0.0064648437500000044,0.0010937500000000044,0.0021771240234375044
198,0.0050000000000000044,0.018437499999999996,0.014531249999999996,0.016240234374999996,0.0017749023437499956,0.0023394775390624956
199,0.08875,0.0050000000000000044,0.014531249999999996,0.0023144531250000044,0.0035351562500000044,0.0007580566406250044
200,0.1925,0.008906250000000004,0.0047656249999999956,0.008662109375000004,0.0037280273437499956,0.0014141845703125044
201,0.036250000000000004,0.045781249999999996,0.0067187499999999956,0.010859375000000004,0.0006762695312499956,0.0028430175781249956
202,0.057499999999999996,0.008906250000000004,0.022343749999999996,0.019160156250000004,0.0025585937500000044,0.0012005615234375044
203,0.010624999999999996,0.022343749999999996,0.014765625000000004,0.0076855468750000044,0.0045214843749999956,0.00042236328125000444
204,0.010624999999999996,0.012812500000000004,0.0059765625000000044,0.0006152343749999956,0.0064135742187499956,0.0015155029296874956
205,0.135625,0.016718750000000004,0.014531249999999996,0.0040332031249999956,0.0041552734374999956,0.0021923828125000044
206,0.010624999999999996,0.010624999999999996,0.016484374999999996,0.0030468750000000044,0.0076245117187500044,0.0027722167968750044
207,0.041874999999999996,0.041874999999999996,0.029414062500000004,0.0032910156250000044,0.00042236328125000444,0.0015057373046875044
208,0.036250000000000004,0.051875000000000004,0.021601562500000004,0.0006152343749999956,0.0045214843749999956,0.0005084228515624956
209,0.0675,0.014531249999999996,0.0057421874999999956,0.0059765625000000044,0.0020092773437500044,0.0008801269531250044
210,0.026249999999999996,0.024531250000000004,0.009882812500000004,0.0054980468749999956,0.0021411132812499956,0.0011035156249999956
211,0.073125,0.018437499999999996,0.011601562499999996,0.0064648437500000044,0.0009106445312500044,0.0023297119140625044
212,0.020625000000000004,0.041874999999999996,0.013789062500000004,0.011113281249999996,0.0029248046875000044,0.0007373046874999956
213,0.051875000000000004,0.022343749999999996,0.008671874999999996,0.0074511718749999956,0.0013378906250000044,0.0014544677734374956
214,0.0675,0.018437499999999996,0.008906250000000004,0.0020800781249999956,0.0007373046874999956,0.0012866210937499956
215,0.010624999999999996,0.037968749999999996,0.0010937500000000044,0.0020800781249999956,0.0020092773437500044,0.0022631835937499956
216,0.0675,0.032343750000000004,0.011835937500000004,0.0015820312500000044,0.0013989257812500044,0.0025433349609375044
217,0.12,0.028437500000000004,0.0050000000000000044,0.010126953125000004,0.008122558593749996,0.0010632324218750044
218,0.0675,0.055781250000000004,0.016484374999999996,0.008906250000000004,0.0013378906250000044,0.0010327148437500044
219,0.010624999999999996,0.026249999999999996,0.008906250000000004,0.0042773437499999956,0.00017822265625000444,0.0015002441406249956
220,0.026249999999999996,0.034062499999999996,0.010859375000000004,0.0013476562499999956,0.0016528320312499956,0.0006610107421874956
221,0.0675,0.008906250000000004,0.014765625000000004,0.0071972656250000044,0.0017041015625000044,0.0016735839843750044
222,0.135625,0.0067187499999999956,0.009648437499999996,0.00011718750000000444,0.0070239257812499956,0.0038250732421875044
223,0.036250000000000004,0.0050000000000000044,0.0020703125000000044,0.013310546874999996,0.0006665039062500044,0.0005694580078124956
224,0.073125,0.047968750000000004,0.025273437499999996,0.0037792968750000044,0.0045117187500000044,0.0012921142578125044
225,0.0675,0.018437499999999996,0.0067187499999999956,0.0018359374999999956,0.0040332031249999956,0.0029553222656250044
226,0.036250000000000004,0.0067187499999999956,0.0059765625000000044,0.0074511718749999956,0.0034228515624999956,0.0030316162109375044
227,0.026249999999999996,0.008906250000000004,0.0050000000000000044,0.0033007812499999956,0.0047045898437499956,0.0033367919921875044
228,0.09875,0.030156249999999996,0.028203124999999996,0.0050000000000000044,0.0035961914062500044,8.666992187500444e-05
229,0.073125,0.018437499999999996,0.030390625000000004,0.00037109374999999556,0.0011035156249999956,0.0034381103515624956
230,0.0050000000000000044,0.037968749999999996,0.009648437499999996,0.011601562499999996,0.00018798828124999556,0.0005999755859374956
231,0.083125,0.016718750000000004,0.009882812500000004,0.0023144531250000044,0.0012866210937499956,0.0013378906250000044
232,0.114375,0.014531249999999996,0.008906250000000004,0.0050000000000000044,0.0009204101562499956,0.0007885742187500044
233,0.073125,0.059687500000000004,0.020625000000000004,0.0030566406249999956,0.0060375976562500044,0.0014849853515624956
234,0.010624999999999996,0.045781249999999996,0.013554687499999996,0.015507812499999996,0.0040234375000000044,0.0013684082031250044
235,0.0050000000000000044,0.0050000000000000044,0.0059765625000000044,0.010869140624999996,0.0017138671874999956,0.0006207275390625044
236,0.010624999999999996,0.040156250000000004,0.013789062500000004,0.008427734374999996,0.008916015624999996,0.00032531738281249556
237,0.036250000000000004,0.026249999999999996,0.013789062500000004,0.0059863281249999956,0.0076245117187500044,0.0018206787109374956
238,0.026249999999999996,0.0050000000000000044,0.016718750000000004,0.0028124999999999956,0.0020703125000000044,0.0005999755859374956
239,0.036250000000000004,0.036250000000000004,0.0010937500000000044,0.0033007812499999956,0.0016528320312499956,0.0042828369140625044
240,0.041874999999999996,0.022343749999999996,0.046757812499999996,0.0030468750000000044,0.0048779296875000044,0.0007885742187500044
241,0.020625000000000004,0.016718750000000004,0.018437499999999996,0.0045214843749999956,0.0037280273437499956,0.0013476562499999956
242,0.0675,0.012812500000000004,0.016718750000000004,0.00037109374999999556,0.0020703125000000044,0.0021618652343750044
243,0.026249999999999996,0.0050000000000000044,0.0037890624999999956,0.0062304687499999956,0.0019580078124999956,0.0022784423828124956
244,0.057499999999999996,0.008906250000000004,0.023320312499999996,0.0074414062500000044,0.0016528320312499956,0.0016430664062500044
245,0.041874999999999996,0.022343749999999996,0.011835937500000004,0.0028027343750000044,0.0013989257812500044,0.0037335205078125044
246,0.020625000000000004,0.008906250000000004,0.011835937500000004,0.011591796875000004,0.0026806640625000044,0.0005236816406249956
247,0.020625000000000004,0.037968749999999996,0.037968749999999996,0.0006152343749999956,0.0036572265625000044,0.0027362060546874956
248,0.0675,0.020625000000000004,0.031132812499999996,0.0023242187499999956,0.0006762695312499956,0.0021105957031249956
249,0.036250000000000004,0.0067187499999999956,0.0069531250000000044,0.007929687500000004,0.0011547851562500044,0.00045288085937500444
250,0.12,0.010624999999999996,0.0057421874999999956,0.015263671874999996,0.00036132812500000444,0.0015820312500000044
251,0.041874999999999996,0.041874999999999996,0.0030468750000000044,0.008173828125000004,0.00043212890624999556,0.0011395263671875044
252,0.09875,0.041874999999999996,0.010859375000000004,0.009882812500000004,0.0033618164062499956,0.0013989257812500044
253,0.010624999999999996,0.018437499999999996,0.013554687499999996,0.0023144531250000044,0.0040234375000000044,0.0020343017578124956
254,0.041874999999999996,0.030156249999999996,0.019648437500000004,0.0033007812499999956,0.0068408203124999956,0.0012921142578125044
255,0.0050000000000000044,0.016718750000000004,0.020625000000000004,0.009892578124999996,0.0052539062499999956,0.00035583496093749556
